{"cameraMode":{"drawMode":0,"name":"Shaded","section":"Shading Mode"},"sceneLighting":true,"audioPlay":false,"sceneViewState":{"showFog":false,"showMaterialUpdate":false,"showSkybox":false,"showFlares":false,"showImageEffects":false,"showParticleSystems":true},"in2DMode":false,"pivot":{"x":273.8155822753906,"y":29.093292236328126,"z":365.2187805175781},"rotation":{"x":0.2072094827890396,"y":-0.11911027878522873,"z":0.025426095351576806,"w":0.970685601234436},"size":742.6173706054688,"orthographic":false}