{"cameraMode":{"drawMode":0,"name":"Shaded","section":"Shading Mode"},"sceneLighting":true,"audioPlay":false,"sceneViewState":{"showFog":false,"showMaterialUpdate":false,"showSkybox":false,"showFlares":false,"showImageEffects":false,"showParticleSystems":true},"in2DMode":false,"pivot":{"x":217.12258911132813,"y":232.3102569580078,"z":1656.97607421875},"rotation":{"x":-0.04766259714961052,"y":0.018879419192671777,"z":0.0009008297347463667,"w":0.9986847043037415},"size":2300.78515625,"orthographic":false}