{"cameraMode":{"drawMode":0,"name":"Shaded","section":"Shading Mode"},"sceneLighting":false,"audioPlay":false,"sceneViewState":{"showFog":false,"showMaterialUpdate":false,"showSkybox":false,"showFlares":false,"showImageEffects":false,"showParticleSystems":true},"in2DMode":false,"pivot":{"x":-2.7542428970336916,"y":-1.2282264232635499,"z":-2.7051682472229006},"rotation":{"x":0.1057620495557785,"y":-0.8911275267601013,"z":0.2701142132282257,"w":0.3489190936088562},"size":6.8313140869140629,"orthographic":false}