{"cameraMode":{"drawMode":0,"name":"Shaded","section":"Shading Mode"},"sceneLighting":false,"audioPlay":false,"sceneViewState":{"showFog":false,"showMaterialUpdate":false,"showSkybox":false,"showFlares":false,"showImageEffects":false,"showParticleSystems":true},"in2DMode":false,"pivot":{"x":786.0538330078125,"y":594.9127807617188,"z":-298.5054626464844},"rotation":{"x":0.01681051403284073,"y":0.006898561958223581,"z":-0.00011623252066783607,"w":0.9998348951339722},"size":347.8989562988281,"orthographic":false}