{"cameraMode":{"drawMode":0,"name":"Shaded","section":"Shading Mode"},"sceneLighting":false,"audioPlay":false,"sceneViewState":{"showFog":false,"showMaterialUpdate":false,"showSkybox":false,"showFlares":false,"showImageEffects":false,"showParticleSystems":true},"in2DMode":false,"pivot":{"x":812.9695434570313,"y":482.3403625488281,"z":-8.6474609375},"rotation":{"x":0.05097280442714691,"y":0.013777734711766243,"z":-0.0007032675785012543,"w":0.9986047744750977},"size":933.86767578125,"orthographic":false}