{"cameraMode":{"drawMode":0,"name":"Shaded","section":"Shading Mode"},"sceneLighting":true,"audioPlay":false,"sceneViewState":{"showFog":false,"showMaterialUpdate":false,"showSkybox":false,"showFlares":false,"showImageEffects":false,"showParticleSystems":true},"in2DMode":false,"pivot":{"x":-44.01417922973633,"y":-10.125826835632325,"z":51.061283111572269},"rotation":{"x":0.09658194333314896,"y":-0.6917502284049988,"z":0.09417475014925003,"w":0.709425687789917},"size":54.38311767578125,"orthographic":false}