{"cameraMode":{"drawMode":0,"name":"Shaded","section":"Shading Mode"},"sceneLighting":true,"audioPlay":false,"sceneViewState":{"showFog":false,"showMaterialUpdate":false,"showSkybox":false,"showFlares":false,"showImageEffects":false,"showParticleSystems":true},"in2DMode":false,"pivot":{"x":-256.680419921875,"y":-107.0418930053711,"z":-21.323890686035158},"rotation":{"x":0.11499374359846115,"y":-0.7902311086654663,"z":0.156333327293396,"w":0.5812668800354004},"size":324.3726501464844,"orthographic":false}