{"cameraMode":{"drawMode":0,"name":"Shaded","section":"Shading Mode"},"sceneLighting":true,"audioPlay":false,"sceneViewState":{"showFog":false,"showMaterialUpdate":false,"showSkybox":false,"showFlares":false,"showImageEffects":false,"showParticleSystems":true},"in2DMode":false,"pivot":{"x":-300.2533264160156,"y":-41.38434600830078,"z":50.244422912597659},"rotation":{"x":-0.051147669553756717,"y":0.7044064998626709,"z":-0.05102410167455673,"w":-0.7061104774475098},"size":316.5775146484375,"orthographic":false}