{"cameraMode":{"drawMode":0,"name":"Shaded","section":"Shading Mode"},"sceneLighting":true,"audioPlay":false,"sceneViewState":{"showFog":false,"showMaterialUpdate":false,"showSkybox":false,"showFlares":false,"showImageEffects":false,"showParticleSystems":true},"in2DMode":false,"pivot":{"x":-236.71435546875,"y":-50.028785705566409,"z":52.268272399902347},"rotation":{"x":0.07574504613876343,"y":-0.6996943950653076,"z":0.07502072304487229,"w":0.7064434885978699},"size":256.18310546875,"orthographic":false}