{"cameraMode":{"drawMode":0,"name":"Shaded","section":"Shading Mode"},"sceneLighting":true,"audioPlay":false,"sceneViewState":{"showFog":false,"showMaterialUpdate":false,"showSkybox":false,"showFlares":false,"showImageEffects":false,"showParticleSystems":true},"in2DMode":false,"pivot":{"x":809.8784790039063,"y":420.7729797363281,"z":-1.4537353515625},"rotation":{"x":-0.0048097181133925919,"y":-0.028488293290138246,"z":0.00013732419756706804,"w":-0.9995825886726379},"size":893.9358520507813,"orthographic":false}