{"cameraMode":{"drawMode":0,"name":"Shaded","section":"Shading Mode"},"sceneLighting":true,"audioPlay":false,"sceneViewState":{"showFog":false,"showMaterialUpdate":false,"showSkybox":false,"showFlares":false,"showImageEffects":false,"showParticleSystems":true},"in2DMode":false,"pivot":{"x":287.0754699707031,"y":232.91566467285157,"z":12.298751831054688},"rotation":{"x":0.29449036717414858,"y":0.24110545217990876,"z":-0.07704958319664002,"w":0.9215242862701416},"size":493.05743408203127,"orthographic":false}