{"cameraMode":{"drawMode":0,"name":"Shaded","section":"Shading Mode"},"sceneLighting":true,"audioPlay":false,"sceneViewState":{"showFog":false,"showMaterialUpdate":false,"showSkybox":false,"showFlares":false,"showImageEffects":false,"showParticleSystems":true},"in2DMode":false,"pivot":{"x":180.58917236328126,"y":209.96798706054688,"z":-3.4117431640625},"rotation":{"x":-0.04766259714961052,"y":0.018879419192671777,"z":0.0009008297347463667,"w":0.9986847043037415},"size":261.56317138671877,"orthographic":false}