{"cameraMode":{"drawMode":0,"name":"Shaded","section":"Shading Mode"},"sceneLighting":true,"audioPlay":false,"sceneViewState":{"showFog":false,"showMaterialUpdate":false,"showSkybox":false,"showFlares":false,"showImageEffects":false,"showParticleSystems":true},"in2DMode":false,"pivot":{"x":780.8334350585938,"y":426.8885192871094,"z":0.14398193359375},"rotation":{"x":0.002999742515385151,"y":-0.0012038742424920202,"z":0.0000036135311347607059,"w":0.9999948143959045},"size":809.9454345703125,"orthographic":false}