{"cameraMode":{"drawMode":0,"name":"Shaded","section":"Shading Mode"},"sceneLighting":true,"audioPlay":false,"sceneViewState":{"showFog":false,"showMaterialUpdate":false,"showSkybox":false,"showFlares":false,"showImageEffects":false,"showParticleSystems":true},"in2DMode":false,"pivot":{"x":1334.2603759765625,"y":107.12290954589844,"z":0.0},"rotation":{"x":-0.02099846489727497,"y":0.0017960879486054183,"z":0.00003771518458961509,"w":0.9997779726982117},"size":293.7393493652344,"orthographic":false}