{"cameraMode":{"drawMode":0,"name":"Shaded","section":"Shading Mode"},"sceneLighting":true,"audioPlay":false,"sceneViewState":{"showFog":false,"showMaterialUpdate":false,"showSkybox":false,"showFlares":false,"showImageEffects":false,"showParticleSystems":true},"in2DMode":false,"pivot":{"x":-200.12506103515626,"y":-139.9494171142578,"z":47.20915985107422},"rotation":{"x":0.21067851781845094,"y":-0.6793511509895325,"z":0.2137339562177658,"w":0.6696375012397766},"size":262.87164306640627,"orthographic":false}