{"cameraMode":{"drawMode":0,"name":"Shaded","section":"Shading Mode"},"sceneLighting":true,"audioPlay":false,"sceneViewState":{"showFog":false,"showMaterialUpdate":false,"showSkybox":false,"showFlares":false,"showImageEffects":false,"showParticleSystems":true},"in2DMode":false,"pivot":{"x":-181.45375061035157,"y":-159.81158447265626,"z":49.59808349609375},"rotation":{"x":0.24726435542106629,"y":-0.664849579334259,"z":0.24934978783130647,"w":0.6592875719070435},"size":258.2687683105469,"orthographic":false}
