{"cameraMode":{"drawMode":0,"name":"Shaded","section":"Shading Mode"},"sceneLighting":false,"audioPlay":false,"sceneViewState":{"showFog":false,"showMaterialUpdate":false,"showSkybox":false,"showFlares":false,"showImageEffects":false,"showParticleSystems":true},"in2DMode":false,"pivot":{"x":783.9677734375,"y":594.9127807617188,"z":-298.48297119140627},"rotation":{"x":0.016810787841677667,"y":0.003899029456079006,"z":-0.00006580055196536705,"w":0.9998511672019959},"size":347.8989562988281,"orthographic":false}