{"cameraMode":{"drawMode":0,"name":"Shaded","section":"Shading Mode"},"sceneLighting":true,"audioPlay":false,"sceneViewState":{"showFog":false,"showMaterialUpdate":false,"showSkybox":false,"showFlares":false,"showImageEffects":false,"showParticleSystems":true},"in2DMode":false,"pivot":{"x":165.79202270507813,"y":330.52935791015627,"z":0.0},"rotation":{"x":-0.17289911210536958,"y":0.7147984504699707,"z":-0.19000780582427979,"w":-0.6504354476928711},"size":53.035457611083987,"orthographic":false}