{"cameraMode":{"drawMode":0,"name":"Shaded","section":"Shading Mode"},"sceneLighting":true,"audioPlay":false,"sceneViewState":{"showFog":false,"showMaterialUpdate":false,"showSkybox":false,"showFlares":false,"showImageEffects":false,"showParticleSystems":true},"in2DMode":false,"pivot":{"x":1.4446182250976563,"y":1.7136814594268799,"z":49.6235237121582},"rotation":{"x":0.14696206152439118,"y":-0.6587701439857483,"z":0.13340961933135987,"w":0.7256900668144226},"size":8.376119613647461,"orthographic":false}