{"cameraMode":{"drawMode":0,"name":"Shaded","section":"Shading Mode"},"sceneLighting":true,"audioPlay":false,"sceneViewState":{"showFog":false,"showMaterialUpdate":false,"showSkybox":false,"showFlares":false,"showImageEffects":false,"showParticleSystems":true},"in2DMode":false,"pivot":{"x":1309.7608642578125,"y":105.2982177734375,"z":0.78265380859375},"rotation":{"x":-2.51053080546626e-7,"y":-0.010203705169260502,"z":-3.65348473696514e-10,"w":0.9999479651451111},"size":425.0777282714844,"orthographic":false}